{
  "pools": [
    {
      "rolls": 1,
      "entries": [
        {
          "type": "minecraft:item",
          "name": "minecraft:emerald",
          "conditions": [
            {
              "condition": "entity_scores",
              "entity": "this",
              "scores": {
                "_em_obj1": 1
              }
            }
          ],
          "functions": [
            {
              "function": "minecraft:set_count",
              "count": 1
            }
          ],
          "weight": 1
        },
        {
          "type": "minecraft:item",
          "name": "minecraft:emerald",
          "conditions": [
            {
              "condition": "entity_scores",
              "entity": "this",
              "scores": {
                "_em_obj2": 1
              }
            }
          ],
          "functions": [
            {
              "function": "minecraft:set_count",
              "count": 2
            }
          ],
          "weight": 2
        },
        {
          "type": "minecraft:item",
          "name": "minecraft:emerald",
          "conditions": [
            {
              "condition": "entity_scores",
              "entity": "this",
              "scores": {
                "_em_obj3": 1
              }
            }
          ],
          "functions": [
            {
              "function": "minecraft:set_count",
              "count": 3
            }
          ],
          "weight": 4
        },
        {
          "type": "minecraft:item",
          "name": "minecraft:emerald",
          "conditions": [
            {
              "condition": "entity_scores",
              "entity": "this",
              "scores": {
                "_em_obj4": 1
              }
            }
          ],
          "functions": [
            {
              "function": "minecraft:set_count",
              "count": 4
            }
          ],
          "weight": 8
        },
        {
          "type": "minecraft:item",
          "name": "minecraft:emerald",
          "conditions": [
            {
              "condition": "entity_scores",
              "entity": "this",
              "scores": {
                "_em_obj5": 1
              }
            }
          ],
          "functions": [
            {
              "function": "minecraft:set_count",
              "count": 5
            }
          ],
          "weight": 16
        },
        {
          "type": "minecraft:item",
          "name": "minecraft:emerald",
          "conditions": [
            {
              "condition": "entity_scores",
              "entity": "this",
              "scores": {
                "_em_obj6": 1
              }
            }
          ],
          "functions": [
            {
              "function": "minecraft:set_count",
              "count": 6
            }
          ],
          "weight": 32
        },
        {
          "type": "minecraft:item",
          "name": "minecraft:emerald",
          "conditions": [
            {
              "condition": "entity_scores",
              "entity": "this",
              "scores": {
                "_em_obj7": 1
              }
            }
          ],
          "functions": [
            {
              "function": "minecraft:set_count",
              "count": 7
            }
          ],
          "weight": 64
        },
        {
          "type": "minecraft:item",
          "name": "minecraft:emerald",
          "conditions": [
            {
              "condition": "entity_scores",
              "entity": "this",
              "scores": {
                "_em_obj8": 1
              }
            }
          ],
          "functions": [
            {
              "function": "minecraft:set_count",
              "count": 8
            }
          ],
          "weight": 128
        },
        {
          "type": "minecraft:item",
          "name": "minecraft:emerald",
          "conditions": [
            {
              "condition": "entity_scores",
              "entity": "this",
              "scores": {
                "_em_obj9": 1
              }
            }
          ],
          "functions": [
            {
              "function": "minecraft:set_count",
              "count": 9
            }
          ],
          "weight": 256
        },
        {
          "type": "minecraft:item",
          "name": "minecraft:emerald",
          "conditions": [
            {
              "condition": "entity_scores",
              "entity": "this",
              "scores": {
                "_em_obj10": 1
              }
            }
          ],
          "functions": [
            {
              "function": "minecraft:set_count",
              "count": 10
            }
          ],
          "weight": 512
        },
        {
          "type": "minecraft:item",
          "name": "minecraft:emerald",
          "conditions": [
            {
              "condition": "entity_scores",
              "entity": "this",
              "scores": {
                "_em_obj11": 1
              }
            }
          ],
          "functions": [
            {
              "function": "minecraft:set_count",
              "count": 11
            }
          ],
          "weight": 1024
        },
        {
          "type": "minecraft:item",
          "name": "minecraft:emerald",
          "conditions": [
            {
              "condition": "entity_scores",
              "entity": "this",
              "scores": {
                "_em_obj12": 1
              }
            }
          ],
          "functions": [
            {
              "function": "minecraft:set_count",
              "count": 12
            }
          ],
          "weight": 2048
        },
        {
          "type": "minecraft:item",
          "name": "minecraft:emerald",
          "conditions": [
            {
              "condition": "entity_scores",
              "entity": "this",
              "scores": {
                "_em_obj13": 1
              }
            }
          ],
          "functions": [
            {
              "function": "minecraft:set_count",
              "count": 13
            }
          ],
          "weight": 4096
        },
        {
          "type": "minecraft:item",
          "name": "minecraft:emerald",
          "conditions": [
            {
              "condition": "entity_scores",
              "entity": "this",
              "scores": {
                "_em_obj14": 1
              }
            }
          ],
          "functions": [
            {
              "function": "minecraft:set_count",
              "count": 14
            }
          ],
          "weight": 8192
        },
        {
          "type": "minecraft:item",
          "name": "minecraft:emerald",
          "conditions": [
            {
              "condition": "entity_scores",
              "entity": "this",
              "scores": {
                "_em_obj15": 1
              }
            }
          ],
          "functions": [
            {
              "function": "minecraft:set_count",
              "count": 15
            }
          ],
          "weight": 16384
        },
        {
          "type": "minecraft:item",
          "name": "minecraft:emerald",
          "conditions": [
            {
              "condition": "entity_scores",
              "entity": "this",
              "scores": {
                "_em_obj16": 1
              }
            }
          ],
          "functions": [
            {
              "function": "minecraft:set_count",
              "count": 16
            }
          ],
          "weight": 32768
        },
        {
          "type": "minecraft:item",
          "name": "minecraft:emerald",
          "conditions": [
            {
              "condition": "entity_scores",
              "entity": "this",
              "scores": {
                "_em_obj17": 1
              }
            }
          ],
          "functions": [
            {
              "function": "minecraft:set_count",
              "count": 17
            }
          ],
          "weight": 65536
        },
        {
          "type": "minecraft:item",
          "name": "minecraft:emerald",
          "conditions": [
            {
              "condition": "entity_scores",
              "entity": "this",
              "scores": {
                "_em_obj18": 1
              }
            }
          ],
          "functions": [
            {
              "function": "minecraft:set_count",
              "count": 18
            }
          ],
          "weight": 131072
        },
        {
          "type": "minecraft:item",
          "name": "minecraft:emerald",
          "conditions": [
            {
              "condition": "entity_scores",
              "entity": "this",
              "scores": {
                "_em_obj19": 1
              }
            }
          ],
          "functions": [
            {
              "function": "minecraft:set_count",
              "count": 19
            }
          ],
          "weight": 262144
        },
        {
          "type": "minecraft:item",
          "name": "minecraft:emerald",
          "conditions": [
            {
              "condition": "entity_scores",
              "entity": "this",
              "scores": {
                "_em_obj20": 1
              }
            }
          ],
          "functions": [
            {
              "function": "minecraft:set_count",
              "count": 20
            }
          ],
          "weight": 524288
        },
        {
          "type": "minecraft:item",
          "name": "minecraft:emerald",
          "conditions": [
            {
              "condition": "entity_scores",
              "entity": "this",
              "scores": {
                "_em_obj21": 1
              }
            }
          ],
          "functions": [
            {
              "function": "minecraft:set_count",
              "count": 21
            }
          ],
          "weight": 1048576
        },
        {
          "type": "minecraft:item",
          "name": "minecraft:emerald",
          "conditions": [
            {
              "condition": "entity_scores",
              "entity": "this",
              "scores": {
                "_em_obj22": 1
              }
            }
          ],
          "functions": [
            {
              "function": "minecraft:set_count",
              "count": 22
            }
          ],
          "weight": 2097152
        },
        {
          "type": "minecraft:item",
          "name": "minecraft:emerald",
          "conditions": [
            {
              "condition": "entity_scores",
              "entity": "this",
              "scores": {
                "_em_obj23": 1
              }
            }
          ],
          "functions": [
            {
              "function": "minecraft:set_count",
              "count": 23
            }
          ],
          "weight": 4194304
        },
        {
          "type": "minecraft:item",
          "name": "minecraft:emerald",
          "conditions": [
            {
              "condition": "entity_scores",
              "entity": "this",
              "scores": {
                "_em_obj24": 1
              }
            }
          ],
          "functions": [
            {
              "function": "minecraft:set_count",
              "count": 24
            }
          ],
          "weight": 8388608
        },
        {
          "type": "minecraft:item",
          "name": "minecraft:emerald",
          "conditions": [
            {
              "condition": "entity_scores",
              "entity": "this",
              "scores": {
                "_em_obj25": 1
              }
            }
          ],
          "functions": [
            {
              "function": "minecraft:set_count",
              "count": 25
            }
          ],
          "weight": 16777216
        },
        {
          "type": "minecraft:item",
          "name": "minecraft:emerald",
          "conditions": [
            {
              "condition": "entity_scores",
              "entity": "this",
              "scores": {
                "_em_obj26": 1
              }
            }
          ],
          "functions": [
            {
              "function": "minecraft:set_count",
              "count": 26
            }
          ],
          "weight": 33554432
        },
        {
          "type": "minecraft:item",
          "name": "minecraft:emerald",
          "conditions": [
            {
              "condition": "entity_scores",
              "entity": "this",
              "scores": {
                "_em_obj27": 1
              }
            }
          ],
          "functions": [
            {
              "function": "minecraft:set_count",
              "count": 27
            }
          ],
          "weight": 67108864
        },
        {
          "type": "minecraft:item",
          "name": "minecraft:emerald",
          "conditions": [
            {
              "condition": "entity_scores",
              "entity": "this",
              "scores": {
                "_em_obj28": 1
              }
            }
          ],
          "functions": [
            {
              "function": "minecraft:set_count",
              "count": 28
            }
          ],
          "weight": 134217728
        },
        {
          "type": "minecraft:item",
          "name": "minecraft:emerald",
          "conditions": [
            {
              "condition": "entity_scores",
              "entity": "this",
              "scores": {
                "_em_obj29": 1
              }
            }
          ],
          "functions": [
            {
              "function": "minecraft:set_count",
              "count": 29
            }
          ],
          "weight": 268435456
        },
        {
          "type": "minecraft:item",
          "name": "minecraft:emerald",
          "conditions": [
            {
              "condition": "entity_scores",
              "entity": "this",
              "scores": {
                "_em_obj30": 1
              }
            }
          ],
          "functions": [
            {
              "function": "minecraft:set_count",
              "count": 30
            }
          ],
          "weight": 536870912
        },
        {
          "type": "minecraft:item",
          "name": "minecraft:emerald",
          "conditions": [
            {
              "condition": "entity_scores",
              "entity": "this",
              "scores": {
                "_em_obj31": 1
              }
            }
          ],
          "functions": [
            {
              "function": "minecraft:set_count",
              "count": 31
            }
          ],
          "weight": 1073741824
        }
      ]
    }
  ]
}
